date,market_cap
28/04/2013,1500520000
29/04/2013,1491160000
30/04/2013,1597780000
01/05/2013,1542820000
02/05/2013,1292190000
03/05/2013,1180070000
04/05/2013,1089890000
05/05/2013,1254760000
06/05/2013,1289470000
07/05/2013,1248470000
08/05/2013,1219450000
09/05/2013,1259980000
10/05/2013,1255970000
11/05/2013,1311050000
12/05/2013,1288630000
13/05/2013,1279980000
14/05/2013,1315720000
15/05/2013,1242760000
16/05/2013,1274620000
17/05/2013,1319590000
18/05/2013,1379140000
19/05/2013,1376370000
20/05/2013,1368910000
21/05/2013,1363940000
22/05/2013,1374130000
23/05/2013,1384780000
24/05/2013,1413300000
25/05/2013,1489950000
26/05/2013,1478030000
27/05/2013,1495520000
28/05/2013,1454310000
29/05/2013,1446190000
30/05/2013,1483180000
31/05/2013,1445050000
01/06/2013,1445800000
02/06/2013,1451930000
03/06/2013,1376180000
04/06/2013,1357020000
05/06/2013,1365110000
06/06/2013,1371300000
07/06/2013,1338880000
08/06/2013,1249630000
09/06/2013,1215130000
10/06/2013,1131570000
11/06/2013,1198640000
12/06/2013,1229000000
13/06/2013,1227030000
14/06/2013,1173060000
15/06/2013,1128950000
16/06/2013,1127120000
17/06/2013,1128720000
18/06/2013,1152250000
19/06/2013,1210260000
20/06/2013,1224210000
21/06/2013,1259000000
22/06/2013,1239210000
23/06/2013,1224980000
24/06/2013,1222030000
25/06/2013,1156610000
26/06/2013,1171050000
27/06/2013,1179110000
28/06/2013,1153880000
29/06/2013,1074010000
30/06/2013,1078260000
01/07/2013,1107130000
02/07/2013,1000070000
03/07/2013,1027160000
04/07/2013,896693000
05/07/2013,909526000
06/07/2013,779255000
07/07/2013,782352000
08/07/2013,870912000
09/07/2013,865585000
10/07/2013,874138000
11/07/2013,1003090000
12/07/2013,1014640000
13/07/2013,1072140000
14/07/2013,1126260000
15/07/2013,1068520000
16/07/2013,1129260000
17/07/2013,1104760000
18/07/2013,1125660000
19/07/2013,1029670000
20/07/2013,1052140000
21/07/2013,1027640000
22/07/2013,1053000000
23/07/2013,1048820000
24/07/2013,1094490000
25/07/2013,1082800000
26/07/2013,1111160000
27/07/2013,1100900000
28/07/2013,1082750000
29/07/2013,1131340000
30/07/2013,1164940000
31/07/2013,1239630000
01/08/2013,1220190000
02/08/2013,1205070000
03/08/2013,1201490000
04/08/2013,1207100000
05/08/2013,1209520000
06/08/2013,1228440000
07/08/2013,1229100000
08/08/2013,1229100000
09/08/2013,1187920000
10/08/2013,1185310000
11/08/2013,1188150000
12/08/2013,1211790000
13/08/2013,1235340000
14/08/2013,1265450000
15/08/2013,1300660000
16/08/2013,1271470000
17/08/2013,1260350000
18/08/2013,1304320000
19/08/2013,1312160000
20/08/2013,1377730000
21/08/2013,1403890000
22/08/2013,1428700000
23/08/2013,1414290000
24/08/2013,1374420000
25/08/2013,1387640000
26/08/2013,1417200000
27/08/2013,1394010000
28/08/2013,1468960000
29/08/2013,1424680000
30/08/2013,1422120000
31/08/2013,1547640000
01/09/2013,1572230000
02/09/2013,1613600000
03/09/2013,1579180000
04/09/2013,1590550000
05/09/2013,1477250000
06/09/2013,1474670000
07/09/2013,1386610000
08/09/2013,1448180000
09/09/2013,1422180000
10/09/2013,1485960000
11/09/2013,1470450000
12/09/2013,1583960000
13/09/2013,1552880000
14/09/2013,1579050000
15/09/2013,1514140000
16/09/2013,1531820000
17/09/2013,1540880000
18/09/2013,1542870000
19/09/2013,1539430000
20/09/2013,1520470000
21/09/2013,1488870000
22/09/2013,1500260000
23/09/2013,1513940000
24/09/2013,1480210000
25/09/2013,1496510000
26/09/2013,1506920000
27/09/2013,1516020000
28/09/2013,1573400000
29/09/2013,1587290000
30/09/2013,1614350000
01/10/2013,1562270000
02/10/2013,1555470000
03/10/2013,1348700000
04/10/2013,1454900000
05/10/2013,1517020000
06/10/2013,1514540000
07/10/2013,1527760000
08/10/2013,1496500000
09/10/2013,1486510000
10/10/2013,1544020000
11/10/2013,1545600000
12/10/2013,1547970000
13/10/2013,1599430000
14/10/2013,1648470000
15/10/2013,1667100000
16/10/2013,1725840000
17/10/2013,1688200000
18/10/2013,1735750000
19/10/2013,1849630000
20/10/2013,2037440000
21/10/2013,2075580000
22/10/2013,2169750000
23/10/2013,2298160000
24/10/2013,2548230000
25/10/2013,2351780000
26/10/2013,2231070000
27/10/2013,2102730000
28/10/2013,2337100000
29/10/2013,2365840000
30/10/2013,2436240000
31/10/2013,2382870000
01/11/2013,2432470000
02/11/2013,2456330000
03/11/2013,2459520000
04/11/2013,2564070000
05/11/2013,2738980000
06/11/2013,2926100000
07/11/2013,3129190000
08/11/2013,3562790000
09/11/2013,4051120000
10/11/2013,4174930000
11/11/2013,3896130000
12/11/2013,4109060000
13/11/2013,4325400000
14/11/2013,4871600000
15/11/2013,5029340000
16/11/2013,5005530000
17/11/2013,5291730000
18/11/2013,5961500000
19/11/2013,8559550000
20/11/2013,6943300000
21/11/2013,7142030000
22/11/2013,8703970000
23/11/2013,9279850000
24/11/2013,9570990000
25/11/2013,9302270000
26/11/2013,9699360000
27/11/2013,11124900000
28/11/2013,12087000000
29/11/2013,12557100000
30/11/2013,13614700000
01/12/2013,13614300000
02/12/2013,11478300000
03/12/2013,12628300000
04/12/2013,13010000000
05/12/2013,13922300000
06/12/2013,12593900000
07/12/2013,10096600000
08/12/2013,8431860000
09/12/2013,9602480000
10/12/2013,10798200000
11/12/2013,11973700000
12/12/2013,10690600000
13/12/2013,10599700000
14/12/2013,10904900000
15/12/2013,10611600000
16/12/2013,10676600000
17/12/2013,8570390000
18/12/2013,8232040000
19/12/2013,6302970000
20/12/2013,8433870000
21/12/2013,7533740000
22/12/2013,7315940000
23/12/2013,7455670000
24/12/2013,8179730000
25/12/2013,8108930000
26/12/2013,8326270000
27/12/2013,9295570000
28/12/2013,8990850000
29/12/2013,8872600000
30/12/2013,9037000000
31/12/2013,9268240000
01/01/2014,9203030000
02/01/2014,9428180000
03/01/2014,9786680000
04/01/2014,10035600000
05/01/2014,10465700000
06/01/2014,11410400000
07/01/2014,11571400000
08/01/2014,9734800000
09/01/2014,10295100000
10/01/2014,10363300000
11/01/2014,10619900000
12/01/2014,11264800000
13/01/2014,10541500000
14/01/2014,10336500000
15/01/2014,10216700000
16/01/2014,10553800000
17/01/2014,10241200000
18/01/2014,10018200000
19/01/2014,10311500000
20/01/2014,10704800000
21/01/2014,10687700000
22/01/2014,10661400000
23/01/2014,10398000000
24/01/2014,10118400000
25/01/2014,9799920000
26/01/2014,10510400000
27/01/2014,10894400000
28/01/2014,9535950000
29/01/2014,9981850000
30/01/2014,10182900000
31/01/2014,10092900000
01/02/2014,10222300000
02/02/2014,10279200000
03/02/2014,10174100000
04/02/2014,10174000000
05/02/2014,10254100000
06/02/2014,10079900000
07/02/2014,9683190000
08/02/2014,8651930000
09/02/2014,8307340000
10/02/2014,8431680000
11/02/2014,8461320000
12/02/2014,8326420000
13/02/2014,8065550000
14/02/2014,7449940000
15/02/2014,8193290000
16/02/2014,8077340000
17/02/2014,7620580000
18/02/2014,7783430000
19/02/2014,7771210000
20/02/2014,7738580000
21/02/2014,6918730000
22/02/2014,7136600000
23/02/2014,7539890000
24/02/2014,7537080000
25/02/2014,6721330000
26/02/2014,6683680000
27/02/2014,7241560000
28/02/2014,7219990000
01/03/2014,6851590000
02/03/2014,7069290000
03/03/2014,7013060000
04/03/2014,8332950000
05/03/2014,8310510000
06/03/2014,8291650000
07/03/2014,8291900000
08/03/2014,7862010000
09/03/2014,7697910000
10/03/2014,7950820000
11/03/2014,7848450000
12/03/2014,7900600000
13/03/2014,7924860000
14/03/2014,7983980000
15/03/2014,7876360000
16/03/2014,7968200000
17/03/2014,7901040000
18/03/2014,7789810000
19/03/2014,7692450000
20/03/2014,7642910000
21/03/2014,7376710000
22/03/2014,7164770000
23/03/2014,7099230000
24/03/2014,7061380000
25/03/2014,7346810000
26/03/2014,7329720000
27/03/2014,7291520000
28/03/2014,5997850000
29/03/2014,6308890000
30/03/2014,6193560000
31/03/2014,5816910000
01/04/2014,5752280000
02/04/2014,6032970000
03/04/2014,5497550000
04/04/2014,5615980000
05/04/2014,5630890000
06/04/2014,5843670000
07/04/2014,5821160000
08/04/2014,5648000000
09/04/2014,5719730000
10/04/2014,5583670000
11/04/2014,4593400000
12/04/2014,5317310000
13/04/2014,5326230000
14/04/2014,5244350000
15/04/2014,5797070000
16/04/2014,6606460000
17/04/2014,6695650000
18/04/2014,6276700000
19/04/2014,6073340000
20/04/2014,6356070000
21/04/2014,6307460000
22/04/2014,6280640000
23/04/2014,6192560000
24/04/2014,6225860000
25/04/2014,6345230000
26/04/2014,5860330000
27/04/2014,5805530000
28/04/2014,5470650000
29/04/2014,5590030000
30/04/2014,5679680000
01/05/2014,5690670000
02/05/2014,5816390000
03/05/2014,5716960000
04/05/2014,5580030000
05/05/2014,5534140000
06/05/2014,5517460000
07/05/2014,5468310000
08/05/2014,5588990000
09/05/2014,5609930000
10/05/2014,5742830000
11/05/2014,5789010000
12/05/2014,5591520000
13/05/2014,5634510000
14/05/2014,5624310000
15/05/2014,5671210000
16/05/2014,5714640000
17/05/2014,5725990000
18/05/2014,5735400000
19/05/2014,5703760000
20/05/2014,5708560000
21/05/2014,6215880000
22/05/2014,6297990000
23/05/2014,6731160000
24/05/2014,6673600000
25/05/2014,6729120000
26/05/2014,7322870000
27/05/2014,7468620000
28/05/2014,7333770000
29/05/2014,7392820000
30/05/2014,7290240000
31/05/2014,7902400000
01/06/2014,8007450000
02/06/2014,8086630000
03/06/2014,8486730000
04/06/2014,8569660000
05/06/2014,8242230000
06/06/2014,8478870000
07/06/2014,8407050000
08/06/2014,8428530000
09/06/2014,8439070000
10/06/2014,8369550000
11/06/2014,8412780000
12/06/2014,8160590000
13/06/2014,7548170000
14/06/2014,7744580000
15/06/2014,7427200000
16/06/2014,7645650000
17/06/2014,7634710000
18/06/2014,7872150000
19/06/2014,7852650000
20/06/2014,7717370000
21/06/2014,7672030000
22/06/2014,7703560000
23/06/2014,7787160000
24/06/2014,7683850000
25/06/2014,7529260000
26/06/2014,7329110000
27/06/2014,7527840000
28/06/2014,7761630000
29/06/2014,7728190000
30/06/2014,7812050000
01/07/2014,8316770000
02/07/2014,8314310000
03/07/2014,8442770000
04/07/2014,8365570000
05/07/2014,8177490000
06/07/2014,8203530000
07/07/2014,8253710000
08/07/2014,8088590000
09/07/2014,8125370000
10/07/2014,8122830000
11/07/2014,8019000000
12/07/2014,8219370000
13/07/2014,8252240000
14/07/2014,8155140000
15/07/2014,8071770000
16/07/2014,8100510000
17/07/2014,8031440000
18/07/2014,8110060000
19/07/2014,8201340000
20/07/2014,8196210000
21/07/2014,8138520000
22/07/2014,8119060000
23/07/2014,8106260000
24/07/2014,8087290000
25/07/2014,7854660000
26/07/2014,7857510000
27/07/2014,7782830000
28/07/2014,7765040000
29/07/2014,7655040000
30/07/2014,7646630000
31/07/2014,7421870000
01/08/2014,7670500000
02/08/2014,7786620000
03/08/2014,7710420000
04/08/2014,7677850000
05/08/2014,7716120000
06/08/2014,7678040000
07/08/2014,7663290000
08/08/2014,7721090000
09/08/2014,7770550000
10/08/2014,7730000000
11/08/2014,7760290000
12/08/2014,7569070000
13/08/2014,7490990000
14/08/2014,7175190000
15/08/2014,6717150000
16/08/2014,6544250000
17/08/2014,6826520000
18/08/2014,6465210000
19/08/2014,6072520000
20/08/2014,6385230000
21/08/2014,6721410000
22/08/2014,6817460000
23/08/2014,6764340000
24/08/2014,6567300000
25/08/2014,6700090000
26/08/2014,6626970000
27/08/2014,6756340000
28/08/2014,6741320000
29/08/2014,6711080000
30/08/2014,6715420000
31/08/2014,6642630000
01/09/2014,6313120000
02/09/2014,6270970000
03/09/2014,6304370000
04/09/2014,6317100000
05/09/2014,6477530000
06/09/2014,6395630000
07/09/2014,6421460000
08/09/2014,6379410000
09/09/2014,6289350000
10/09/2014,6299070000
11/09/2014,6355700000
12/09/2014,6357290000
13/09/2014,6335400000
14/09/2014,6355140000
15/09/2014,6339090000
16/09/2014,6302440000
17/09/2014,6185010000
18/09/2014,6067610000
19/09/2014,5634440000
20/09/2014,5245150000
21/09/2014,5425180000
22/09/2014,5307360000
23/09/2014,5348840000
24/09/2014,5798220000
25/09/2014,5632260000
26/09/2014,5477970000
27/09/2014,5374500000
28/09/2014,5321420000
29/09/2014,5022360000
30/09/2014,5012450000
01/10/2014,5165060000
02/10/2014,5120700000
03/10/2014,5004540000
04/10/2014,4801920000
05/10/2014,4389890000
06/10/2014,4277430000
07/10/2014,4414880000
08/10/2014,4489870000
09/10/2014,4713320000
10/10/2014,4874190000
11/10/2014,4831160000
12/10/2014,4849070000
13/10/2014,5055290000
14/10/2014,5241030000
15/10/2014,5366290000
16/10/2014,5281630000
17/10/2014,5125580000
18/10/2014,5143260000
19/10/2014,5242370000
20/10/2014,5216560000
21/10/2014,5126590000
22/10/2014,5177640000
23/10/2014,5136830000
24/10/2014,4811290000
25/10/2014,4812990000
26/10/2014,4665040000
27/10/2014,4764020000
28/10/2014,4744450000
29/10/2014,4797700000
30/10/2014,4511760000
31/10/2014,4638210000
01/11/2014,4554320000
02/11/2014,4386500000
03/11/2014,4380950000
04/11/2014,4403750000
05/11/2014,4452510000
06/11/2014,4571830000
07/11/2014,4712700000
08/11/2014,4610750000
09/11/2014,4655480000
10/11/2014,4884490000
11/11/2014,4934270000
12/11/2014,4964150000
13/11/2014,5765520000
14/11/2014,5647540000
15/11/2014,5395770000
16/11/2014,5060640000
17/11/2014,5246000000
18/11/2014,5239790000
19/11/2014,5053560000
20/11/2014,5141550000
21/11/2014,4839570000
22/11/2014,4755830000
23/11/2014,4778440000
24/11/2014,4966080000
25/11/2014,5101970000
26/11/2014,5091480000
27/11/2014,5018040000
28/11/2014,5004050000
29/11/2014,5097280000
30/11/2014,5090060000
01/12/2014,5128700000
02/12/2014,5143500000
03/12/2014,5178450000
04/12/2014,5098100000
05/12/2014,5014290000
06/12/2014,5115040000
07/12/2014,5090240000
08/12/2014,5093180000
09/12/2014,4917110000
10/12/2014,4786700000
11/12/2014,4681040000
12/12/2014,4770620000
13/12/2014,4792870000
14/12/2014,4717270000
15/12/2014,4781560000
16/12/2014,4705370000
17/12/2014,4450380000
18/12/2014,4355140000
19/12/2014,4238930000
20/12/2014,4327750000
21/12/2014,4491320000
22/12/2014,4376890000
23/12/2014,4527490000
24/12/2014,4561040000
25/12/2014,4397250000
26/12/2014,4355750000
27/12/2014,4472050000
28/12/2014,4317320000
29/12/2014,4339700000
30/12/2014,4272940000
31/12/2014,4249480000
01/01/2015,4380820000
02/01/2015,4295210000
03/01/2015,4307010000
04/01/2015,3847150000
05/01/2015,3628490000
06/01/2015,3759970000
07/01/2015,3918090000
08/01/2015,4029490000
09/01/2015,3869530000
10/01/2015,3937990000
11/01/2015,3764960000
12/01/2015,3649970000
13/01/2015,3668040000
14/01/2015,3072020000
15/01/2015,2427830000
16/01/2015,2870180000
17/01/2015,2853930000
18/01/2015,2747730000
19/01/2015,2905410000
20/01/2015,2925910000
21/01/2015,2905520000
22/01/2015,3125520000
23/01/2015,3211490000
24/01/2015,3200970000
25/01/2015,3403300000
26/01/2015,3496650000
27/01/2015,3760210000
28/01/2015,3626050000
29/01/2015,3213920000
30/01/2015,3206940000
31/01/2015,3120490000
01/02/2015,2989460000
02/02/2015,3123010000
03/02/2015,3275110000
04/02/2015,3138700000
05/02/2015,3141730000
06/02/2015,2994350000
07/02/2015,3074140000
08/02/2015,3144920000
09/02/2015,3086220000
10/02/2015,3044180000
11/02/2015,3037370000
12/02/2015,3030990000
13/02/2015,3069830000
14/02/2015,3258210000
15/02/2015,3563290000
16/02/2015,3250240000
17/02/2015,3231750000
18/02/2015,3376060000
19/02/2015,3274980000
20/02/2015,3329190000
21/02/2015,3378660000
22/02/2015,3390510000
23/02/2015,3272880000
24/02/2015,3315370000
25/02/2015,3314640000
26/02/2015,3294030000
27/02/2015,3282410000
28/02/2015,3520560000
01/03/2015,3532050000
02/03/2015,3617340000
03/03/2015,3822510000
04/03/2015,3920130000
05/03/2015,3792480000
06/03/2015,3833160000
07/03/2015,3788190000
08/03/2015,3846750000
09/03/2015,3825250000
10/03/2015,4035790000
11/03/2015,4060030000
12/03/2015,4125290000
13/03/2015,4098250000
14/03/2015,3964470000
15/03/2015,3923350000
16/03/2015,3983760000
17/03/2015,4053230000
18/03/2015,3977030000
19/03/2015,3570820000
20/03/2015,3642550000
21/03/2015,3653040000
22/03/2015,3629920000
23/03/2015,3742290000
24/03/2015,3724830000
25/03/2015,3458950000
26/03/2015,3443230000
27/03/2015,3476180000
28/03/2015,3454980000
29/03/2015,3536570000
30/03/2015,3399510000
31/03/2015,3464410000
01/04/2015,3420100000
02/04/2015,3461060000
03/04/2015,3545940000
04/04/2015,3563920000
05/04/2015,3557460000
06/04/2015,3655990000
07/04/2015,3580410000
08/04/2015,3550390000
09/04/2015,3434520000
10/04/2015,3420500000
11/04/2015,3313620000
12/04/2015,3321740000
13/04/2015,3314280000
14/04/2015,3157970000
15/04/2015,3078890000
16/04/2015,3147650000
17/04/2015,3213910000
18/04/2015,3134170000
19/04/2015,3143460000
20/04/2015,3132400000
21/04/2015,3161520000
22/04/2015,3316990000
23/04/2015,3296060000
24/04/2015,3323830000
25/04/2015,3257850000
26/04/2015,3190790000
27/04/2015,3093200000
28/04/2015,3228470000
29/04/2015,3181700000
30/04/2015,3183860000
01/05/2015,3329190000
02/05/2015,3279270000
03/05/2015,3315980000
04/05/2015,3394130000
05/05/2015,3373650000
06/05/2015,3337790000
07/05/2015,3245660000
08/05/2015,3353090000
09/05/2015,3446790000
10/05/2015,3418740000
11/05/2015,3399290000
12/05/2015,3426350000
13/05/2015,3416690000
14/05/2015,3344280000
15/05/2015,3355680000
16/05/2015,3366300000
17/05/2015,3343940000
18/05/2015,3357380000
19/05/2015,3303650000
20/05/2015,3288140000
21/05/2015,3319140000
22/05/2015,3338560000
23/05/2015,3409830000
24/05/2015,3391910000
25/05/2015,3420480000
26/05/2015,3367040000
27/05/2015,3367340000
28/05/2015,3370890000
29/05/2015,3373380000
30/05/2015,3370240000
31/05/2015,3314780000
01/06/2015,3274370000
02/06/2015,3170730000
03/06/2015,3212010000
04/06/2015,3213320000
05/06/2015,3191080000
06/06/2015,3203980000
07/06/2015,3213390000
08/06/2015,3175520000
09/06/2015,3257050000
10/06/2015,3264420000
11/06/2015,3263390000
12/06/2015,3276290000
13/06/2015,3280180000
14/06/2015,3317080000
15/06/2015,3331930000
16/06/2015,3380500000
17/06/2015,3581960000
18/06/2015,3563010000
19/06/2015,3558500000
20/06/2015,3494910000
21/06/2015,3503880000
22/06/2015,3488460000
23/06/2015,3531700000
24/06/2015,3494730000
25/06/2015,3439620000
26/06/2015,3472580000
27/06/2015,3487060000
28/06/2015,3593900000
29/06/2015,3562790000
30/06/2015,3682790000
01/07/2015,3774140000
02/07/2015,3706320000
03/07/2015,3662970000
04/07/2015,3678800000
05/07/2015,3741670000
06/07/2015,3890430000
07/07/2015,3875220000
08/07/2015,3818970000
09/07/2015,3889620000
10/07/2015,3866510000
11/07/2015,4093500000
12/07/2015,4213280000
13/07/2015,4468540000
14/07/2015,4199450000
15/07/2015,4143120000
16/07/2015,4115410000
17/07/2015,4001950000
18/07/2015,4020820000
19/07/2015,3956140000
20/07/2015,3938930000
21/07/2015,4017540000
22/07/2015,3971960000
23/07/2015,3997290000
24/07/2015,3978990000
25/07/2015,4155500000
26/07/2015,4163470000
27/07/2015,4222210000
28/07/2015,4237650000
29/07/2015,4250940000
30/07/2015,4174360000
31/07/2015,4155010000
01/08/2015,4112610000
02/08/2015,4052470000
03/08/2015,4087610000
04/08/2015,4065870000
05/08/2015,4119190000
06/08/2015,4077600000
07/08/2015,4032820000
08/08/2015,4048270000
09/08/2015,3779770000
10/08/2015,3843850000
11/08/2015,3828500000
12/08/2015,3920210000
13/08/2015,3857090000
14/08/2015,3828340000
15/08/2015,3849530000
16/08/2015,3797330000
17/08/2015,3749260000
18/08/2015,3742020000
19/08/2015,3274860000
20/08/2015,3293570000
21/08/2015,3417200000
22/08/2015,3379050000
23/08/2015,3346760000
24/08/2015,3314640000
25/08/2015,3053250000
26/08/2015,3228540000
27/08/2015,3287220000
28/08/2015,3268370000
29/08/2015,3368880000
30/08/2015,3345740000
31/08/2015,3335220000
01/09/2015,3352760000
02/09/2015,3321180000
03/09/2015,3340990000
04/09/2015,3311080000
05/09/2015,3355470000
06/09/2015,3424420000
07/09/2015,3499120000
08/09/2015,3498750000
09/09/2015,3551640000
10/09/2015,3478410000
11/09/2015,3479310000
12/09/2015,3502520000
13/09/2015,3435990000
14/09/2015,3369190000
15/09/2015,3368360000
16/09/2015,3365740000
17/09/2015,3349390000
18/09/2015,3415440000
19/09/2015,3406390000
20/09/2015,3385770000
21/09/2015,3383840000
22/09/2015,3322420000
23/09/2015,3381390000
24/09/2015,3373850000
25/09/2015,3433300000
26/09/2015,3444730000
27/09/2015,3431860000
28/09/2015,3413630000
29/09/2015,3505090000
30/09/2015,3471280000
01/10/2015,3462800000
02/10/2015,3482190000
03/10/2015,3482100000
04/10/2015,3502460000
05/10/2015,3497740000
06/10/2015,3531230000
07/10/2015,3617400000
08/10/2015,3572730000
09/10/2015,3565090000
10/10/2015,3584120000
11/10/2015,3599840000
12/10/2015,3632110000
13/10/2015,3608340000
14/10/2015,3672370000
15/10/2015,3711800000
16/10/2015,3745090000
17/10/2015,3870490000
18/10/2015,3991620000
19/10/2015,3859270000
20/10/2015,3885570000
21/10/2015,3970980000
22/10/2015,3930500000
23/10/2015,4037010000
24/10/2015,4080140000
25/10/2015,4154100000
26/10/2015,4187410000
27/10/2015,4211500000
28/10/2015,4338430000
29/10/2015,4496390000
30/10/2015,4639690000
31/10/2015,4856410000
01/11/2015,4657890000
02/11/2015,4820850000
03/11/2015,5353680000
04/11/2015,5973510000
05/11/2015,6040410000
06/11/2015,5745320000
07/11/2015,5542680000
08/11/2015,5692390000
09/11/2015,5546240000
10/11/2015,5631520000
11/11/2015,5037510000
12/11/2015,4657240000
13/11/2015,5020700000
14/11/2015,4994250000
15/11/2015,4942420000
16/11/2015,4746070000
17/11/2015,4905260000
18/11/2015,4969330000
19/11/2015,4971880000
20/11/2015,4850170000
21/11/2015,4787340000
22/11/2015,4861340000
23/11/2015,4823700000
24/11/2015,4805160000
25/11/2015,4762230000
26/11/2015,4886330000
27/11/2015,5238500000
28/11/2015,5318300000
29/11/2015,5324610000
30/11/2015,5534000000
01/12/2015,5624580000
02/12/2015,5394070000
03/12/2015,5358040000
04/12/2015,5388110000
05/12/2015,5426180000
06/12/2015,5813290000
07/12/2015,5821140000
08/12/2015,5908810000
09/12/2015,6189620000
10/12/2015,6244360000
11/12/2015,6206150000
12/12/2015,6761730000
13/12/2015,6454430000
14/12/2015,6480070000
15/12/2015,6640850000
16/12/2015,6962090000
17/12/2015,6807850000
18/12/2015,6825640000
19/12/2015,6942950000
20/12/2015,6925030000
21/12/2015,6636280000
22/12/2015,6556960000
23/12/2015,6547850000
24/12/2015,6645120000
25/12/2015,6823120000
26/12/2015,6838480000
27/12/2015,6251440000
28/12/2015,6356100000
29/12/2015,6339010000
30/12/2015,6508960000
31/12/2015,6399190000
01/01/2016,6473530000
02/01/2016,6533630000
03/01/2016,6519500000
04/01/2016,6468180000
05/01/2016,6515380000
06/01/2016,6498830000
07/01/2016,6472580000
08/01/2016,6888600000
09/01/2016,6828000000
10/01/2016,6752210000
11/01/2016,6761090000
12/01/2016,6755220000
13/01/2016,6553350000
14/01/2016,6519110000
15/01/2016,6489870000
16/01/2016,5507790000
17/01/2016,5842270000
18/01/2016,5761940000
19/01/2016,5843510000
20/01/2016,5734760000
21/01/2016,6338800000
22/01/2016,6190940000
23/01/2016,5779890000
24/01/2016,5867300000
25/01/2016,6083900000
26/01/2016,5929520000
27/01/2016,5937780000
28/01/2016,5980180000
29/01/2016,5753970000
30/01/2016,5736760000
31/01/2016,5729870000
01/02/2016,5596090000
02/02/2016,5651690000
03/02/2016,5679530000
04/02/2016,5613380000
05/02/2016,5898960000
06/02/2016,5865740000
07/02/2016,5714760000
08/02/2016,5720100000
09/02/2016,5670880000
10/02/2016,5713880000
11/02/2016,5806110000
12/02/2016,5771040000
13/02/2016,5847990000
14/02/2016,5975580000
15/02/2016,6199850000
16/02/2016,6108040000
17/02/2016,6204150000
18/02/2016,6341430000
19/02/2016,6436980000
20/02/2016,6421310000
21/02/2016,6669260000
22/02/2016,6689200000
23/02/2016,6679400000
24/02/2016,6417190000
25/02/2016,6480650000
26/02/2016,6476080000
27/02/2016,6602810000
28/02/2016,6600310000
29/02/2016,6614980000
01/03/2016,6684800000
02/03/2016,6643810000
03/03/2016,6474150000
04/03/2016,6443890000
05/03/2016,6276610000
06/03/2016,6121400000
07/03/2016,6233430000
08/03/2016,6337370000
09/03/2016,6330230000
10/03/2016,6344960000
11/03/2016,6384740000
12/03/2016,6453260000
13/03/2016,6302330000
14/03/2016,6342780000
15/03/2016,6377870000
16/03/2016,6387190000
17/03/2016,6404130000
18/03/2016,6446330000
19/03/2016,6274790000
20/03/2016,6293610000
21/03/2016,6341380000
22/03/2016,6338430000
23/03/2016,6417130000
24/03/2016,6422730000
25/03/2016,6394850000
26/03/2016,6409500000
27/03/2016,6423040000
28/03/2016,6553700000
29/03/2016,6521010000
30/03/2016,6407840000
31/03/2016,6385140000
01/04/2016,6409540000
02/04/2016,6436700000
03/04/2016,6480470000
04/04/2016,6483910000
05/04/2016,6481350000
06/04/2016,6533260000
07/04/2016,6524680000
08/04/2016,6515190000
09/04/2016,6484410000
10/04/2016,6467330000
11/04/2016,6504290000
12/04/2016,6520870000
13/04/2016,6565470000
14/04/2016,6541030000
15/04/2016,6550350000
16/04/2016,6631310000
17/04/2016,6649170000
18/04/2016,6604150000
19/04/2016,6622450000
20/04/2016,6726370000
21/04/2016,6822320000
22/04/2016,6951860000
23/04/2016,6894280000
24/04/2016,6968570000
25/04/2016,7102490000
26/04/2016,7143060000
27/04/2016,7216190000
28/04/2016,6889170000
29/04/2016,6958330000
30/04/2016,7049460000
01/05/2016,6947430000
02/05/2016,7002610000
03/05/2016,6892690000
04/05/2016,6978950000
05/05/2016,6926990000
06/05/2016,6947800000
07/05/2016,7131120000
08/05/2016,7114060000
09/05/2016,7112510000
10/05/2016,7150370000
11/05/2016,7002230000
12/05/2016,7028330000
13/05/2016,7067270000
14/05/2016,7084100000
15/05/2016,7084760000
16/05/2016,7114740000
17/05/2016,7060730000
18/05/2016,7057390000
19/05/2016,7072090000
20/05/2016,6813080000
21/05/2016,6895230000
22/05/2016,6900700000
23/05/2016,6842470000
24/05/2016,6921460000
25/05/2016,6950690000
26/05/2016,7008500000
27/05/2016,7070010000
28/05/2016,7375780000
29/05/2016,8226500000
30/05/2016,8243960000
31/05/2016,8335100000
01/06/2016,8288680000
02/06/2016,8375000000
03/06/2016,8395070000
04/06/2016,8897080000
05/06/2016,8955060000
06/06/2016,8977700000
07/06/2016,9149580000
08/06/2016,9022250000
09/06/2016,9103080000
10/06/2016,9005920000
11/06/2016,9052360000
12/06/2016,9539850000
13/06/2016,10511900000
14/06/2016,11028900000
15/06/2016,10736600000
16/06/2016,10908900000
17/06/2016,12038900000
18/06/2016,11732600000
19/06/2016,11859800000
20/06/2016,11976700000
21/06/2016,11540000000
22/06/2016,10445300000
23/06/2016,9373190000
24/06/2016,9816730000
25/06/2016,10442000000
26/06/2016,10454900000
27/06/2016,9882840000
28/06/2016,10336800000
29/06/2016,10119600000
30/06/2016,10066400000
01/07/2016,10570600000
02/07/2016,10639600000
03/07/2016,11086100000
04/07/2016,10362700000
05/07/2016,10749100000
06/07/2016,10550300000
07/07/2016,10673400000
08/07/2016,10086900000
09/07/2016,10493800000
10/07/2016,10247300000
11/07/2016,10215200000
12/07/2016,10213100000
13/07/2016,10474500000
14/07/2016,10288400000
15/07/2016,10387900000
16/07/2016,10461700000
17/07/2016,10434700000
18/07/2016,10716800000
19/07/2016,10606500000
20/07/2016,10608600000
21/07/2016,10490300000
22/07/2016,10486600000
23/07/2016,10263700000
24/07/2016,10338600000
25/07/2016,10431900000
26/07/2016,10321900000
27/07/2016,10281900000
28/07/2016,10328100000
29/07/2016,10338900000
30/07/2016,10370100000
31/07/2016,10340900000
01/08/2016,9860620000
02/08/2016,9574320000
03/08/2016,8663670000
04/08/2016,8943870000
05/08/2016,9133690000
06/08/2016,9083510000
07/08/2016,9285940000
08/08/2016,9365440000
09/08/2016,9339660000
10/08/2016,9286960000
11/08/2016,9358770000
12/08/2016,9307250000
13/08/2016,9285530000
14/08/2016,9258730000
15/08/2016,9021180000
16/08/2016,8970770000
17/08/2016,9138030000
18/08/2016,9074760000
19/08/2016,9085820000
20/08/2016,9114500000
21/08/2016,9208210000
22/08/2016,9199410000
23/08/2016,9286930000
24/08/2016,9234800000
25/08/2016,9184700000
26/08/2016,9147170000
27/08/2016,9174990000
28/08/2016,9023610000
29/08/2016,9091830000
30/08/2016,9093530000
31/08/2016,9149730000
01/09/2016,9118280000
02/09/2016,9069550000
03/09/2016,9120440000
04/09/2016,9486370000
05/09/2016,9652490000
06/09/2016,9614140000
07/09/2016,9679610000
08/09/2016,9745120000
09/09/2016,9931980000
10/09/2016,9878730000
11/09/2016,9887780000
12/09/2016,9628560000
13/09/2016,9645930000
14/09/2016,9660080000
15/09/2016,9688940000
16/09/2016,9637020000
17/09/2016,9637600000
18/09/2016,9623950000
19/09/2016,9681960000
20/09/2016,9673140000
21/09/2016,9584260000
22/09/2016,9485280000
23/09/2016,9469130000
24/09/2016,9577520000
25/09/2016,9575360000
26/09/2016,9545830000
27/09/2016,9661590000
28/09/2016,9634530000
29/09/2016,9616160000
30/09/2016,9628250000
01/10/2016,9696280000
02/10/2016,9761330000
03/10/2016,9714980000
04/10/2016,9733330000
05/10/2016,9705320000
06/10/2016,9742370000
07/10/2016,9745740000
08/10/2016,9822100000
09/10/2016,9852480000
10/10/2016,9816270000
11/10/2016,9855650000
12/10/2016,10201000000
13/10/2016,10125100000
14/10/2016,10141600000
15/10/2016,10195200000
16/10/2016,10176800000
17/10/2016,10221300000
18/10/2016,10184000000
19/10/2016,10164800000
20/10/2016,10046700000
21/10/2016,10050300000
22/10/2016,10088400000
23/10/2016,10479700000
24/10/2016,10473500000
25/10/2016,10424300000
26/10/2016,10484000000
27/10/2016,10812500000
28/10/2016,10969800000
29/10/2016,11007600000
30/10/2016,11388800000
31/10/2016,11207200000
01/11/2016,11187700000
02/11/2016,11647200000
03/11/2016,11844300000
04/11/2016,10996400000
05/11/2016,11227200000
06/11/2016,11233000000
07/11/2016,11344800000
08/11/2016,11224000000
09/11/2016,11333000000
10/11/2016,11542100000
11/11/2016,11427200000
12/11/2016,11447700000
13/11/2016,11264500000
14/11/2016,11214600000
15/11/2016,11283400000
16/11/2016,11370700000
17/11/2016,11911300000
18/11/2016,11846000000
19/11/2016,12025400000
20/11/2016,12027500000
21/11/2016,11698900000
22/11/2016,11834200000
23/11/2016,12029000000
24/11/2016,11916500000
25/11/2016,11851100000
26/11/2016,11869600000
27/11/2016,11773800000
28/11/2016,11727800000
29/11/2016,11790900000
30/11/2016,11791600000
01/12/2016,11949200000
02/12/2016,12134800000
03/12/2016,12467800000
04/12/2016,12363600000
05/12/2016,12393100000
06/12/2016,12159400000
07/12/2016,12248900000
08/12/2016,12312500000
09/12/2016,12344000000
10/12/2016,12394500000
11/12/2016,12423600000
12/12/2016,12349800000
13/12/2016,12521500000
14/12/2016,12512900000
15/12/2016,12511700000
16/12/2016,12498800000
17/12/2016,12599600000
18/12/2016,12694800000
19/12/2016,12691100000
20/12/2016,12717600000
21/12/2016,12853700000
22/12/2016,13393800000
23/12/2016,13888600000
24/12/2016,14810300000
25/12/2016,14450100000
26/12/2016,14407800000
27/12/2016,14593300000
28/12/2016,15020500000
29/12/2016,15670000000
30/12/2016,15630200000
31/12/2016,15440700000
01/01/2017,15491200000
02/01/2017,16055100000
03/01/2017,16426600000
04/01/2017,16795400000
05/01/2017,18604000000
06/01/2017,16314100000
07/01/2017,14534400000
08/01/2017,14611400000
09/01/2017,14694900000
10/01/2017,14522600000
11/01/2017,14615700000
12/01/2017,12477600000
13/01/2017,12939100000
14/01/2017,13285200000
15/01/2017,13174300000
16/01/2017,13234600000
17/01/2017,13383900000
18/01/2017,14648900000
19/01/2017,14311700000
20/01/2017,14472100000
21/01/2017,14432000000
22/01/2017,14863600000
23/01/2017,14918800000
24/01/2017,14681400000
25/01/2017,14380700000
26/01/2017,14551200000
27/01/2017,14810400000
28/01/2017,14835800000
29/01/2017,14874000000
30/01/2017,14844900000
31/01/2017,14859700000
01/02/2017,15667900000
02/02/2017,15977800000
03/02/2017,16326100000
04/02/2017,16648800000
05/02/2017,16847400000
06/02/2017,16605400000
07/02/2017,16796600000
08/02/2017,17156700000
09/02/2017,17197100000
10/02/2017,16083600000
11/02/2017,15976700000
12/02/2017,16214700000
13/02/2017,16141500000
14/02/2017,16028000000
15/02/2017,16264100000
16/02/2017,16289100000
17/02/2017,16589600000
18/02/2017,16964800000
19/02/2017,17056600000
20/02/2017,16960200000
21/02/2017,17456900000
22/02/2017,18033400000
23/02/2017,18075200000
24/02/2017,18974400000
25/02/2017,18939500000
26/02/2017,18518900000
27/02/2017,18837300000
28/02/2017,19113600000
01/03/2017,19104800000
02/03/2017,19829800000
03/03/2017,20253700000
04/03/2017,20688800000
05/03/2017,20316000000
06/03/2017,20531900000
07/03/2017,20627100000
08/03/2017,19819800000
09/03/2017,18640900000
10/03/2017,19275300000
11/03/2017,18093700000
12/03/2017,19073300000
13/03/2017,19807700000
14/03/2017,19978200000
15/03/2017,20110400000
16/03/2017,20293700000
17/03/2017,19141800000
18/03/2017,17838700000
19/03/2017,15846000000
20/03/2017,16829800000
21/03/2017,17125600000
22/03/2017,18187100000
23/03/2017,17043400000
24/03/2017,16857000000
25/03/2017,15204800000
26/03/2017,15814800000
27/03/2017,15785000000
28/03/2017,16964500000
29/03/2017,16990900000
30/03/2017,16929800000
31/03/2017,16679000000
01/04/2017,17413000000
02/04/2017,17559400000
03/04/2017,17924600000
04/04/2017,18619000000
05/04/2017,18435700000
06/04/2017,18302600000
07/04/2017,19168500000
08/04/2017,19068600000
09/04/2017,19134400000
10/04/2017,19311200000
11/04/2017,19316000000
12/04/2017,19600800000
13/04/2017,19541300000
14/04/2017,19043800000
15/04/2017,18996500000
16/04/2017,19085100000
17/04/2017,19260500000
18/04/2017,19433800000
19/04/2017,19734800000
20/04/2017,19719900000
21/04/2017,20020700000
22/04/2017,19913900000
23/04/2017,20066200000
24/04/2017,19705400000
25/04/2017,20372300000
26/04/2017,20627900000
27/04/2017,20889200000
28/04/2017,21476000000
29/04/2017,21479800000
30/04/2017,21548400000
01/05/2017,21981800000
02/05/2017,23170200000
03/05/2017,23707100000
04/05/2017,24311900000
05/05/2017,25133100000
06/05/2017,25395600000
07/05/2017,25768500000
08/05/2017,26056500000
09/05/2017,28132200000
10/05/2017,28668100000
11/05/2017,29060600000
12/05/2017,30131100000
13/05/2017,28132300000
14/05/2017,29405100000
15/05/2017,29532600000
16/05/2017,28446300000
17/05/2017,28204800000
18/05/2017,29710500000
19/05/2017,30999000000
20/05/2017,32422400000
21/05/2017,33779400000
22/05/2017,33393600000
23/05/2017,35822600000
24/05/2017,37949200000
25/05/2017,39995400000
26/05/2017,37950600000
27/05/2017,35917100000
28/05/2017,33595900000
29/05/2017,35323500000
30/05/2017,36897000000
31/05/2017,35786700000
01/06/2017,37446200000
02/06/2017,39344600000
03/06/2017,40817100000
04/06/2017,41708200000
05/06/2017,41133900000
06/06/2017,44061000000
07/06/2017,46989800000
08/06/2017,44557100000
09/06/2017,45987100000
10/06/2017,46331400000
11/06/2017,48208700000
12/06/2017,48391200000
13/06/2017,43934100000
14/06/2017,44528300000
15/06/2017,40971300000
16/06/2017,40484100000
17/06/2017,41217200000
18/06/2017,43539300000
19/06/2017,41800600000
20/06/2017,42498000000
21/06/2017,44440800000
22/06/2017,44143700000
23/06/2017,44415900000
24/06/2017,44932900000
25/06/2017,42783800000
26/06/2017,42514000000
27/06/2017,40677900000
28/06/2017,41906700000
29/06/2017,42150300000
30/06/2017,41689100000
01/07/2017,40928200000
02/07/2017,40010500000
03/07/2017,41037200000
04/07/2017,42067900000
05/07/2017,42760800000
06/07/2017,42851400000
07/07/2017,42864200000
08/07/2017,41417700000
09/07/2017,42283200000
10/07/2017,41509000000
11/07/2017,39224200000
12/07/2017,38355900000
13/07/2017,39511000000
14/07/2017,38823100000
15/07/2017,36681300000
16/07/2017,32767600000
17/07/2017,31795000000
18/07/2017,36749400000
19/07/2017,38227800000
20/07/2017,37356800000
21/07/2017,46719000000
22/07/2017,43929600000
23/07/2017,46231100000
24/07/2017,44995600000
25/07/2017,45410100000
26/07/2017,42455000000
27/07/2017,41816500000
28/07/2017,44144400000
29/07/2017,46246700000
30/07/2017,44890700000
31/07/2017,45535800000
01/08/2017,47321800000
02/08/2017,44950800000
03/08/2017,44666400000
04/08/2017,46276200000
05/08/2017,47778200000
06/08/2017,53720900000
07/08/2017,52987300000
08/08/2017,55590300000
09/08/2017,56424900000
10/08/2017,55134700000
11/08/2017,55668000000
12/08/2017,60242100000
13/08/2017,64034100000
14/08/2017,67112300000
15/08/2017,71425500000
16/08/2017,69342700000
17/08/2017,72389100000
18/08/2017,71406500000
19/08/2017,68333100000
20/08/2017,69192700000
21/08/2017,67567100000
22/08/2017,66051000000
23/08/2017,67553000000
24/08/2017,68363900000
25/08/2017,71595100000
26/08/2017,72249100000
27/08/2017,71809200000
28/08/2017,72467900000
29/08/2017,72553800000
30/08/2017,75556600000
31/08/2017,75322300000
01/09/2017,77748400000
02/09/2017,81060600000
03/09/2017,75841700000
04/09/2017,75955500000
05/09/2017,69954400000
06/09/2017,72418700000
07/09/2017,75945000000
08/09/2017,76220200000
09/09/2017,70017200000
10/09/2017,70018100000
11/09/2017,68256000000
12/09/2017,69033400000
13/09/2017,68432200000
14/09/2017,64191600000
15/09/2017,52453500000
16/09/2017,60271600000
17/09/2017,59757800000
18/09/2017,59514100000
19/09/2017,67520300000
20/09/2017,64918500000
21/09/2017,64677600000
22/09/2017,60152300000
23/09/2017,60190000000
24/09/2017,62954300000
25/09/2017,61061100000
26/09/2017,65161000000
27/09/2017,64579200000
28/09/2017,69633200000
29/09/2017,69219200000
30/09/2017,69136600000
01/10/2017,72047300000
02/10/2017,72963200000
03/10/2017,73181300000
04/10/2017,71712500000
05/10/2017,70233700000
06/10/2017,71810600000
07/10/2017,72565100000
08/10/2017,73575400000
09/10/2017,76656500000
10/10/2017,79351800000
11/10/2017,79578200000
12/10/2017,80256700000
13/10/2017,90812400000
14/10/2017,93803000000
15/10/2017,97011900000
16/10/2017,94559000000
17/10/2017,95469300000
18/10/2017,93190200000
19/10/2017,92867000000
20/10/2017,94947900000
21/10/2017,99763200000
22/10/2017,1.00E+11
23/10/2017,99941600000
24/10/2017,98781600000
25/10/2017,91954200000
26/10/2017,95685100000
27/10/2017,98225400000
28/10/2017,96369600000
29/10/2017,95819800000
30/10/2017,1.02E+11
31/10/2017,1.02E+11
01/11/2017,1.07E+11
02/11/2017,1.13E+11
03/11/2017,1.18E+11
04/11/2017,1.19E+11
05/11/2017,1.23E+11
06/11/2017,1.23E+11
07/11/2017,1.17E+11
08/11/2017,1.19E+11
09/11/2017,1.24E+11
10/11/2017,1.20E+11
11/11/2017,1.10E+11
12/11/2017,1.05E+11
13/11/2017,99029000000
14/11/2017,1.09E+11
15/11/2017,1.11E+11
16/11/2017,1.22E+11
17/11/2017,1.31E+11
18/11/2017,1.28E+11
19/11/2017,1.30E+11
20/11/2017,1.34E+11
21/11/2017,1.37E+11
22/11/2017,1.35E+11
23/11/2017,1.37E+11
24/11/2017,1.35E+11
25/11/2017,1.38E+11
26/11/2017,1.47E+11
27/11/2017,1.56E+11
28/11/2017,1.64E+11
29/11/2017,1.68E+11
30/11/2017,1.66E+11
01/12/2017,1.70E+11
02/12/2017,1.83E+11
03/12/2017,1.85E+11
04/12/2017,1.89E+11
05/12/2017,1.95E+11
06/12/2017,1.99E+11
07/12/2017,2.39E+11
08/12/2017,2.98E+11
09/12/2017,2.76E+11
10/12/2017,2.54E+11
11/12/2017,2.58E+11
12/12/2017,2.83E+11
13/12/2017,2.93E+11
14/12/2017,2.74E+11
15/12/2017,2.78E+11
16/12/2017,2.97E+11
17/12/2017,3.26E+11
18/12/2017,3.20E+11
19/12/2017,3.20E+11
20/12/2017,2.98E+11
21/12/2017,2.79E+11
22/12/2017,2.66E+11
23/12/2017,2.34E+11
24/12/2017,2.45E+11
